{"('W', 2, 'S', 1, 'W', 9, 'W', 4)": [0.0, 0.0, 0.0, -0.15000000000000002], "('W', 2, 'S', 1, 'W', 9, 'W', 3)": [0.0, 0.0, -0.15000000000000002, 0.0], "('S', 1, 'W', 8, 'W', 8, 'W', 3)": [0.0, 0.1, 0.0, 0.0], "('W', 3, 'W', 7, 'W', 8, 'S', 1)": [0.1, 0.0, 0.0, 0.0], "('W', 2, 'G', 4, 'S', 1, 'W', 4)": [0.0, 0.1, 0.0, 0.0], "('W', 2, 'G', 3, 'W', 9, 'S', 1)": [0.1, 0.0, 0.0, 0.0], "('W', 1, 'G', 2, 'S', 1, 'W', 5)": [0.0, 0.0, -10.0, 0.0], "('W', 7, 'W', 1, 'S', 1, 'G', 9)": [0.0, -10.0, 0.0, 0.0], "('S', 1, 'W', 4, 'W', 2, 'W', 7)": [0.0, -0.15000000000000002, 0.0, 0.0], "('W', 9, 'W', 3, 'W', 2, 'S', 1)": [0.1, 0.0, 0.0, 0.0], "('W', 8, 'W', 3, 'S', 1, 'W', 8)": [0.1, 0.0, 0.0, 0.0], "('W', 7, 'W', 3, 'S', 1, 'R', 7)": [0.0, 0.0, -10.0, 0.0], "('W', 9, 'S', 1, 'W', 2, 'W', 2)": [0.0, 0.0, 0.0, -0.15000000000000002], "('W', 9, 'S', 1, 'W', 2, 'W', 1)": [-0.15000000000000002, 0.0, 0.0, 0.0], "('W', 8, 'W', 10, 'S', 1, 'W', 1)": [0.0, 0.0, -10.0, 0.0], "('G', 5, 'R', 2, 'S', 1, 'W', 7)": [0.0, 0.0, 0.0, -0.15000000000000002], "('W', 7, 'S', 1, 'W', 4, 'W', 6)": [0.0, -10.0, 0.0, 0.0], "('W', 2, 'W', 3, 'G', 4, 'S', 1)": [0.0, 0.0, 0.1, 0.0], "('S', 1, 'W', 3, 'G', 3, 'W', 8)": [0.0, 0.0, 0.0, -0.15000000000000002], "('W', 3, 'S', 1, 'W', 8, 'W', 7)": [0.0, 0.0, 0.1, 0.0], "('S', 1, 'W', 4, 'W', 7, 'W', 7)": [0.0, 0.1, 0.0, 0.0], "('W', 4, 'W', 3, 'G', 2, 'S', 1)": [0.0, 0.0, 0.0, -10.0], "('S', 1, 'W', 6, 'W', 8, 'W', 5)": [0.0, 0.0, -0.15000000000000002, 0.0], "('S', 1, 'W', 6, 'W', 7, 'W', 5)": [-10.0, 0.0, 0.0, 0.0], "('G', 2, 'S', 1, 'W', 8, 'W', 1)": [0.1, 0.0, 0.0, 0.0], "('G', 1, 'R', 8, 'S', 1, 'W', 1)": [0.0, 0.0, 0.0, -10.0], "('W', 2, 'W', 6, 'S', 1, 'W', 5)": [0.0, -0.15000000000000002, 0.0, 0.0], "('W', 2, 'W', 5, 'W', 9, 'S', 1)": [-0.15000000000000002, 0.0, 0.0, 0.0], "('W', 1, 'W', 5, 'S', 1, 'W', 6)": [-10.0, 0.0, 0.0, 0.0], "('W', 3, 'W', 3, 'S', 1, 'W', 8)": [-0.15000000000000002, 0.0, 0.0, 0.0], "('W', 2, 'W', 3, 'S', 1, 'W', 8)": [-0.15000000000000002, 0.0, 0.0, 0.0], "('W', 1, 'W', 3, 'S', 1, 'W', 8)": [-10.0, 0.0, 0.0, 0.0]}