{"('S', 1, 'W', 4, 'W', 7, 'W', 7)": [0.0, 0.0, 0.0, 0.1], "('W', 4, 'S', 1, 'W', 7, 'W', 6)": [0.1, 0.0, 0.0, 0.0], "('W', 3, 'W', 5, 'S', 1, 'G', 1)": [0.0, -0.15000000000000002, 0.0, 0.0], "('W', 3, 'W', 4, 'W', 8, 'S', 1)": [-0.15000000000000002, 0.0, 0.0, 0.0], "('W', 2, 'W', 4, 'S', 1, 'W', 7)": [0.0, 0.0, 0.0, 0.1], "('W', 2, 'S', 1, 'W', 9, 'W', 6)": [0.0, -10.0, 0.0, 0.0], "('W', 5, 'W', 1, 'W', 6, 'S', 1)": [0.0, -10.0, 0.0, -10.0], "('W', 5, 'W', 6, 'S', 1, 'W', 5)": [0.0, 0.0, 0.0, -0.15000000000000002], "('W', 5, 'S', 1, 'W', 6, 'W', 4)": [0.0, -10.0, 0.0, 0.0], "('W', 2, 'W', 6, 'G', 1, 'S', 1)": [0.0, -0.15000000000000002, 0.0, 0.0], "('W', 2, 'W', 5, 'W', 9, 'S', 1)": [0.0, -0.15000000000000002, 0.0, 0.0], "('W', 2, 'W', 4, 'W', 9, 'S', 1)": [0.0, 0.0, 0.1, 0.0], "('S', 1, 'W', 4, 'W', 8, 'G', 2)": [0.0, 0.0, -0.15000000000000002, 0.0], "('S', 1, 'R', 3, 'W', 7, 'W', 7)": [-10.0, 0.0, 0.0, 0.0], "('W', 5, 'W', 4, 'R', 2, 'S', 1)": [0.0, 0.0, 0.0, -10.0], "('W', 4, 'W', 2, 'W', 7, 'S', 1)": [0.0, 0.0, 0.0, -10.0], "('S', 1, 'W', 6, 'W', 2, 'W', 5)": [0.0, 0.0, 0.0, -0.15000000000000002], "('R', 7, 'S', 1, 'W', 2, 'W', 4)": [0.1, 0.0, 0.0, 0.0], "('R', 6, 'G', 5, 'S', 1, 'W', 4)": [-0.15000000000000002, 0.0, 0.0, 0.0], "('R', 5, 'W', 7, 'S', 1, 'W', 4)": [-0.15000000000000002, 0.0, 0.0, 0.0], "('R', 4, 'W', 7, 'S', 1, 'W', 4)": [0.0, 0.0, -10.0, 0.0], "('W', 9, 'W', 5, 'W', 2, 'S', 1)": [0.0, -0.15000000000000002, 0.0, 0.0], "('R', 7, 'W', 4, 'W', 2, 'S', 1)": [-0.15000000000000002, 0.0, 0.0, 0.0], "('R', 6, 'G', 3, 'S', 1, 'W', 7)": [0.0, 0.0, 0.0, -0.15000000000000002], "('W', 8, 'S', 1, 'W', 3, 'W', 6)": [0.0, -10.0, 0.0, 0.0], "('W', 4, 'W', 4, 'S', 1, 'W', 7)": [-0.15000000000000002, 0.0, 0.0, 0.0], "('W', 3, 'W', 4, 'S', 1, 'W', 7)": [0.0, 0.0, -10.0, 0.0]}